chr,pos,id,A1,A2,freqA2,beta,sd,p,LOG,FDR,bon
2B,729527735,S2B_729527735,C,T,0.09098228663446055,2.1515568319218974,0.44436685110430596,1.6298649200794899e-6,5.787848387556179,0.011617677150326603,0.011617677150326603
