"","AA","BB","intercept"
"S1A_10132843",1262.56086442689,-1262.56086442689,-1172.56075714892
"S1A_497221140",-309.71889866574,309.71889866574,399.40696311944
"S1B_1472791",-2019.91908529638,2019.91908529638,2109.41556721014
"S1B_27677322",-340.137714578392,340.137714578392,429.681367595023
"S1B_613940135",-1173.18087265929,1173.18087265929,1261.97623804034
"S1B_670173661",3776.40751639699,-3776.40751639699,-3685.61569632586
"S2A_60076851",-521.353954017885,521.353954017885,610.989117625162
"S2A_752872044",-28285.9941028924,28285.9941028924,28369.98570219
"S2A_753380582",1290.74431158542,-1290.74431158542,-1200.71263438204
"S2B_65682200",8217.83993476305,-8217.83993476305,-8126.60562525912
"S2B_72586860",-1862.54362166658,1862.54362166658,1952.15088029005
"S2B_72720834",2439.32314797835,-2439.32314797835,-2348.92994355508
"S2B_90768322",-1858.11927513012,1858.11927513012,1947.44572088709
"S3A_11835340",916.914522063189,-916.914522063189,-826.643501192815
"S3A_36924712",4725.11850966568,-4725.11850966568,-4633.74380489671
"S3A_502497299",58937146.1492584,-58937146.1492584,-58925269.2914496
"S3A_730759105",12005.2388357555,-12005.2388357555,-11913.786663188
"S3B_41643135",1467.50124366581,-1467.50124366582,-1377.19491619325
"S3B_123328610",-625.878043386213,625.878043386213,715.261655256009
"S3B_818354034",-895284.997769453,895284.997769454,895195.10335716
"S5A_520443516",-11324.9149514977,11324.9149514977,11412.6069050935
"S5B_41958844",411.865015723462,-411.865015723462,-321.237041006951
"S5B_693451804",-832.015771912657,832.015771912657,921.101296160572
"S5D_548345502",-7079.87220484348,7079.87220484348,7167.98103022481
"S6A_609428285",-1911.97851436606,1911.97851436606,2000.84142105928
"S6D_2341706",4587.3110462919,-4587.3110462919,-4496.63486696456
"S7A_2974236",2152.16020211269,-2152.16020211269,-2062.01326504102
"S7A_669780088",834.780811946355,-834.780811946355,-744.671461597741
"S7A_712407792",-7760.94797699275,7760.94797699275,7849.19656856346
"S7A_712981091",-686.688248722641,686.688248722641,776.218401768268
"S7B_732609055",-81.4474817422371,81.4474817422371,171.162667800839
